{"options":{"check_for_updates":true,"comment":null,"compat_foreach":false,"compat_metadata":false,"compat_powerful_this":null,"compat_wrappedjsobject":false,"compatopts_for_requires":true,"noframes":null,"override":{"merge_connects":true,"merge_excludes":true,"merge_includes":true,"merge_matches":true,"orig_connects":[],"orig_excludes":[],"orig_includes":[],"orig_matches":["*://*.youtube.com/*"],"orig_noframes":null,"orig_run_at":"document-idle","use_blockers":[],"use_connects":[],"use_excludes":[],"use_includes":[],"use_matches":[]},"run_at":null,"sandbox":null,"tab_types":null,"unwrap":null},"settings":{"enabled":true,"position":1},"meta":{"name":"YouTube去广告 YouTube AD Blocker","uuid":"0b27989d-14b4-40d0-87a5-85a354c36fe9","modified":1697115936751,"file_url":"https://greasyfork.org/scripts/459541-youtube%E5%8E%BB%E5%B9%BF%E5%91%8A-youtube-ad-blocker/code/YouTube%E5%8E%BB%E5%B9%BF%E5%91%8A.user.js"}}